Date,3 Mo,6 Mo,1 Yr,2 Yr,3 Yr,5 Yr,7 Yr,10 Yr,20 Yr,30 Yr
1991-01-02,6.66,6.73,6.74,7.08,7.3,7.59,7.9,7.97,,8.14
1991-01-16,6.22,6.46,6.61,7.21,7.47,7.83,8.09,8.24,,8.4
1991-01-31,6.37,6.49,6.51,7.05,7.3,7.62,7.89,8.03,,8.21
1991-02-14,6.02,6.1,6.19,6.77,6.98,7.38,7.67,7.8,,7.99
1991-03-01,6.27,6.38,6.52,7.18,7.41,7.78,8.0,8.12,,8.28
1991-03-15,5.98,6.1,6.3,7.01,7.26,7.73,7.98,8.1,,8.3
1991-04-01,5.94,6.04,6.27,7.01,7.3,7.74,7.97,8.07,,8.25
1991-04-15,5.77,5.96,6.22,6.9,7.17,7.64,7.84,7.95,,8.12
1991-04-29,5.77,5.98,6.22,6.9,7.22,7.7,7.93,8.07,,8.23
1991-05-13,5.65,5.86,6.11,6.84,7.13,7.72,7.96,8.07,,8.27
1991-05-28,5.59,5.87,6.12,6.66,7.07,7.66,7.93,8.07,,8.28
1991-06-11,5.74,6.05,6.39,6.99,7.42,7.96,8.19,8.29,,8.48
1991-06-25,5.75,6.03,6.39,7.04,7.45,7.99,8.22,8.33,,8.51
1991-07-10,5.75,5.96,6.28,6.97,7.47,8.0,8.23,8.35,,8.53
1991-07-24,5.75,5.97,6.28,6.88,7.33,7.86,8.1,8.24,,8.42
1991-08-07,5.55,5.69,5.85,6.54,6.9,7.51,7.8,7.93,,8.17
1991-08-21,5.44,5.52,5.63,6.27,6.65,7.27,7.63,7.8,,8.07
1991-09-05,5.48,5.61,5.71,6.31,6.67,7.32,7.67,7.83,,8.09
1991-09-19,5.36,5.48,5.59,6.2,6.47,7.1,7.43,7.61,,7.92
1991-10-03,5.19,5.33,5.39,5.98,6.25,6.88,7.26,7.47,,7.84
1991-10-18,5.18,5.28,5.39,5.95,6.24,6.88,7.22,7.53,,7.97
1991-11-01,4.89,4.98,5.03,5.65,6.02,6.71,7.16,7.48,,7.93
1991-11-18,4.71,4.82,4.89,5.55,5.88,6.57,6.98,7.33,,7.84
1991-12-03,4.48,4.53,4.64,5.29,5.67,6.39,6.86,7.28,,7.9
1991-12-17,4.22,4.32,4.38,5.02,5.39,6.24,6.75,7.18,,7.75
1992-01-02,3.96,4.01,4.13,4.77,5.13,5.98,6.46,6.78,,7.46
1992-01-16,3.89,4.02,4.18,5.07,5.51,6.41,6.84,7.13,,7.65
1992-01-31,3.94,4.07,4.23,5.11,5.65,6.44,6.92,7.31,,7.77
1992-02-14,3.89,4.04,4.32,5.27,5.76,6.65,7.02,7.41,,7.91
1992-03-02,4.14,4.28,4.5,5.45,5.94,6.73,7.07,7.38,,7.9
1992-03-16,4.18,4.41,4.78,5.87,6.37,7.12,7.43,7.69,,8.07
1992-03-30,4.16,4.33,4.56,5.61,6.19,6.93,7.25,7.54,,7.95
1992-04-13,3.7,3.85,4.08,5.11,5.69,6.58,6.98,7.33,,7.86
1992-04-28,3.8,3.97,4.34,5.4,6.03,6.87,7.23,7.57,,8.06
1992-05-12,3.7,3.84,4.15,5.19,5.78,6.66,7.02,7.36,,7.86
1992-05-27,3.79,3.98,4.27,5.28,5.86,6.74,7.11,7.44,,7.91
1992-06-10,3.77,3.95,4.2,5.13,5.69,6.59,7.01,7.35,,7.9
1992-06-24,3.72,3.85,4.11,4.96,5.47,6.39,6.83,7.2,,7.83
1992-07-09,3.28,3.37,3.63,4.4,4.97,5.93,6.45,6.91,,7.61
1992-07-23,3.23,3.33,3.52,4.2,4.71,5.62,6.18,6.72,,7.54
1992-08-06,3.23,3.35,3.54,4.29,4.82,5.67,6.18,6.65,,7.45
1992-08-20,3.15,3.25,3.4,4.04,4.54,5.42,5.98,6.46,,7.32
1992-09-03,3.21,3.29,3.43,4.09,4.59,5.5,6.07,6.54,,7.37
1992-09-18,2.94,2.99,3.13,3.86,4.4,5.41,5.97,6.41,,7.32
1992-10-02,2.69,2.87,2.98,3.71,4.2,5.22,5.84,6.26,,7.33
1992-10-19,3.04,3.23,3.41,4.15,4.74,5.71,6.23,6.69,,7.57
1992-11-02,3.08,3.35,3.62,4.47,5.07,5.96,6.46,6.88,,7.66
1992-11-17,3.24,3.48,3.73,4.67,5.21,6.08,6.51,6.86,,7.55
1992-12-02,3.42,3.58,3.84,4.81,5.39,6.23,6.61,6.93,,7.57
1992-12-16,3.28,3.46,3.73,4.67,5.21,6.06,6.44,6.77,,7.44
1992-12-31,3.15,3.38,3.61,4.56,5.12,6.04,6.43,6.7,,7.4
1993-01-04,3.19,3.37,3.56,4.48,5.03,5.9,6.33,6.6,,7.33
1993-01-19,3.1,3.23,3.48,4.39,4.91,5.82,6.23,6.59,,7.31
1993-02-02,3.02,3.21,3.43,4.25,4.76,5.63,6.04,6.46,,7.25
1993-02-17,2.97,3.14,3.39,4.06,4.54,5.43,5.9,6.28,,7.11
1993-03-03,3.0,3.11,3.28,3.81,4.24,5.05,5.51,5.88,,6.78
1993-03-17,3.04,3.18,3.36,3.98,4.44,5.21,5.72,6.02,,6.86
1993-03-31,2.95,3.09,3.32,3.96,4.42,5.24,5.72,6.03,,6.93
1993-04-15,2.9,3.05,3.22,3.79,4.24,5.06,5.49,5.88,,6.73
1993-04-29,2.96,3.07,3.24,3.79,4.28,5.1,5.58,5.99,,6.88
1993-05-13,2.99,3.11,3.3,3.91,4.35,5.15,5.63,6.02,,6.96
1993-05-27,3.13,3.32,3.58,4.22,4.6,5.35,5.76,6.11,,6.93
1993-06-11,3.12,3.28,3.51,4.15,4.53,5.22,5.61,5.97,,6.8
1993-06-25,3.15,3.28,3.5,4.1,4.45,5.13,5.51,5.84,,6.71
1993-07-12,3.1,3.22,3.4,3.99,4.33,5.0,5.41,5.75,,6.62
1993-07-26,3.17,3.33,3.59,4.22,4.58,5.25,5.62,5.93,,6.68
1993-08-09,3.11,3.26,3.48,4.06,4.45,5.12,5.48,5.82,,6.47
1993-08-23,3.08,3.21,3.4,3.97,4.3,4.98,5.28,5.6,,6.22
1993-09-07,3.01,3.12,3.26,3.7,4.01,4.6,4.96,5.23,,5.88
1993-09-21,2.98,3.14,3.38,3.9,4.21,4.8,5.19,5.47,,6.14
1993-10-05,3.06,3.2,3.38,3.86,4.18,4.72,5.05,5.35,6.12,6.01
1993-10-20,3.11,3.22,3.38,3.86,4.13,4.64,4.98,5.26,5.97,5.83
1993-11-03,3.16,3.35,3.56,4.13,4.46,5.01,5.39,5.67,6.32,6.11
1993-11-18,3.18,3.35,3.59,4.15,4.49,5.06,5.43,5.72,6.4,6.23
1993-12-03,3.18,3.37,3.62,4.24,4.59,5.16,5.52,5.8,6.39,6.25
1993-12-17,3.09,3.32,3.58,4.2,4.54,5.17,5.52,5.81,6.44,6.29
1994-01-03,3.16,3.39,3.67,4.3,4.66,5.29,5.66,5.92,6.54,6.41
1994-01-18,3.04,3.23,3.53,4.14,4.48,5.09,5.43,5.74,6.38,6.28
1994-02-01,3.1,3.29,3.6,4.2,4.53,5.1,5.43,5.77,6.37,6.31
1994-02-15,3.34,3.51,3.85,4.44,4.8,5.34,5.66,5.88,6.53,6.45
1994-03-02,3.55,3.8,4.15,4.79,5.2,5.74,6.09,6.3,6.87,6.79
1994-03-16,3.61,3.92,4.28,4.96,5.34,5.86,6.18,6.4,6.9,6.82
1994-03-30,3.57,3.93,4.45,5.19,5.65,6.24,6.59,6.78,7.23,7.1
1994-04-14,3.66,4.14,4.72,5.49,5.94,6.51,6.82,6.97,7.43,7.29
1994-04-29,3.97,4.45,5.07,5.73,6.16,6.64,6.88,7.06,7.44,7.31
1994-05-13,4.24,4.86,5.41,6.05,6.43,6.89,7.14,7.29,7.63,7.5
1994-05-27,4.3,4.82,5.35,5.97,6.32,6.73,6.92,7.12,7.55,7.4
1994-06-13,4.24,4.7,5.22,5.91,6.25,6.66,6.87,7.07,7.47,7.36
1994-06-27,4.28,4.73,5.37,6.05,6.36,6.79,7.0,7.18,7.57,7.46
1994-07-12,4.56,5.08,5.55,6.24,6.6,7.03,7.26,7.43,7.8,7.69
1994-07-26,4.52,5.01,5.53,6.16,6.49,6.9,7.09,7.28,7.63,7.55
1994-08-09,4.56,5.14,5.62,6.26,6.61,6.97,7.14,7.33,7.65,7.57
1994-08-23,4.69,5.13,5.63,6.26,6.55,6.94,7.12,7.28,7.71,7.54
1994-09-07,4.66,5.05,5.6,6.22,6.51,6.92,7.11,7.29,7.73,7.58
1994-09-21,4.92,5.4,5.9,6.52,6.81,7.2,7.4,7.56,7.95,7.8
1994-10-05,5.09,5.61,6.1,6.73,7.05,7.42,7.61,7.77,8.12,7.95
1994-10-20,5.14,5.67,6.18,6.77,7.1,7.46,7.63,7.8,8.14,8.0
1994-11-03,5.25,5.77,6.31,6.98,7.28,7.65,7.8,7.96,8.24,8.11
1994-11-18,5.5,6.04,6.64,7.23,7.52,7.79,7.91,8.01,8.26,8.14
1994-12-05,6.03,6.63,7.15,7.58,7.67,7.78,7.8,7.83,8.04,7.94
1994-12-19,5.75,6.57,7.13,7.59,7.72,7.77,7.8,7.81,7.96,7.84
1995-01-03,5.95,6.66,7.23,7.73,7.84,7.88,7.91,7.88,8.07,7.93
1995-01-18,5.87,6.46,7.03,7.48,7.64,7.71,7.72,7.71,7.91,7.78
1995-02-01,6.07,6.49,6.97,7.33,7.44,7.56,7.65,7.66,7.85,7.75
1995-02-15,5.94,6.31,6.68,7.12,7.24,7.37,7.43,7.45,7.7,7.58
1995-03-02,5.93,6.21,6.53,6.88,7.0,7.15,7.23,7.3,7.62,7.5
1995-03-16,5.92,6.16,6.35,6.68,6.76,6.89,6.98,7.05,7.45,7.33
1995-03-30,5.88,6.1,6.43,6.76,6.88,7.05,7.14,7.18,7.54,7.43
1995-04-13,5.75,5.99,6.19,6.51,6.64,6.82,6.91,7.03,7.42,7.34
1995-04-28,5.87,6.08,6.32,6.6,6.72,6.88,6.95,7.07,7.42,7.34
1995-05-12,5.87,5.96,6.03,6.2,6.31,6.46,6.55,6.67,7.05,7.0
1995-05-26,5.84,5.89,5.87,5.97,6.05,6.18,6.28,6.4,6.8,6.75
1995-06-12,5.73,5.81,5.83,5.96,6.04,6.16,6.27,6.37,6.76,6.71
1995-06-26,5.52,5.57,5.6,5.71,5.76,5.9,6.01,6.11,6.55,6.54
1995-07-11,5.56,5.57,5.47,5.59,5.69,5.8,5.99,6.09,6.57,6.57
1995-07-25,5.62,5.68,5.75,5.94,6.07,6.19,6.37,6.43,6.86,6.84
1995-08-08,5.55,5.63,5.68,5.9,6.01,6.17,6.36,6.47,6.9,6.89
1995-08-22,5.63,5.7,5.88,6.1,6.21,6.35,6.51,6.57,6.98,6.89
1995-09-06,5.48,5.55,5.6,5.76,5.84,5.95,6.1,6.17,6.63,6.57
1995-09-20,5.34,5.43,5.52,5.73,5.81,5.92,6.05,6.1,6.57,6.46
1995-10-04,5.47,5.57,5.6,5.75,5.82,5.91,6.04,6.12,6.54,6.44
1995-10-19,5.41,5.55,5.58,5.67,5.73,5.83,5.92,5.98,6.37,6.31
1995-11-02,5.47,5.46,5.41,5.46,5.56,5.68,5.8,5.92,6.31,6.25
1995-11-16,5.52,5.5,5.42,5.46,5.56,5.68,5.83,5.93,6.32,6.24
1995-12-01,5.45,5.44,5.33,5.32,5.37,5.49,5.63,5.71,6.16,6.1
1995-12-15,5.35,5.36,5.32,5.36,5.41,5.55,5.66,5.75,6.15,6.09
1996-01-02,5.2,5.25,5.17,5.18,5.26,5.39,5.51,5.6,6.03,5.97
1996-01-17,5.14,5.05,5.04,5.05,5.14,5.29,5.46,5.58,6.05,6.0
1996-01-31,5.05,4.97,4.9,4.93,5.06,5.25,5.46,5.6,6.07,6.03
1996-02-14,4.94,4.9,4.8,4.82,4.91,5.17,5.43,5.62,6.13,6.07
1996-02-29,5.02,5.05,5.23,5.44,5.56,5.73,5.99,6.13,6.57,6.48
1996-03-14,5.11,5.16,5.38,5.7,5.84,6.03,6.28,6.36,6.83,6.68
1996-03-28,5.19,5.23,5.48,5.88,5.99,6.2,6.38,6.41,6.9,6.73
1996-04-11,5.08,5.32,5.65,6.12,6.33,6.5,6.68,6.68,7.15,6.95
1996-04-25,5.09,5.24,5.57,5.99,6.15,6.31,6.49,6.56,7.01,6.81
1996-05-09,5.13,5.32,5.68,6.14,6.35,6.57,6.76,6.84,7.21,7.02
1996-05-23,5.18,5.34,5.63,6.05,6.23,6.44,6.6,6.68,7.05,6.87
1996-06-07,5.26,5.53,5.86,6.4,6.56,6.75,6.87,6.93,7.22,7.05
1996-06-21,5.26,5.48,5.84,6.35,6.52,6.74,6.87,6.96,7.25,7.11
1996-07-08,5.35,5.65,5.98,6.43,6.62,6.81,6.95,7.05,7.32,7.19
1996-07-22,5.3,5.53,5.86,6.23,6.43,6.62,6.73,6.84,7.12,7.01
1996-08-05,5.2,5.32,5.6,5.93,6.1,6.28,6.4,6.53,6.84,6.75
1996-08-19,5.2,5.35,5.64,5.97,6.15,6.34,6.47,6.59,6.94,6.8
1996-09-03,5.32,5.58,5.94,6.35,6.54,6.71,6.83,6.92,7.22,7.07
1996-09-17,5.31,5.46,5.83,6.22,6.39,6.57,6.71,6.81,7.15,7.0
1996-10-01,5.1,5.35,5.65,6.03,6.22,6.39,6.54,6.65,6.99,6.88
1996-10-16,5.14,5.33,5.58,5.94,6.12,6.31,6.46,6.57,6.96,6.86
1996-10-30,5.14,5.3,5.46,5.79,5.95,6.12,6.27,6.4,6.77,6.69
1996-11-14,5.17,5.27,5.4,5.66,5.77,5.93,6.05,6.15,6.53,6.42
1996-11-29,5.13,5.25,5.38,5.59,5.7,5.84,5.97,6.06,6.45,6.36
1996-12-13,4.92,5.2,5.46,5.77,5.89,6.06,6.22,6.33,6.68,6.58
1996-12-30,5.21,5.29,5.47,5.8,5.95,6.1,6.21,6.31,6.63,6.54
1997-01-02,5.19,5.35,5.63,5.97,6.13,6.3,6.45,6.54,6.85,6.75
1997-01-16,5.16,5.28,5.61,6.0,6.15,6.33,6.47,6.57,6.91,6.83
1997-01-31,5.15,5.28,5.58,5.94,6.08,6.26,6.4,6.53,6.86,6.8
1997-02-14,5.1,5.17,5.45,5.79,5.91,6.07,6.18,6.28,6.64,6.53
1997-03-03,5.24,5.39,5.68,6.11,6.25,6.41,6.53,6.58,6.94,6.83
1997-03-17,5.25,5.48,5.77,6.22,6.38,6.55,6.67,6.72,7.08,6.96
1997-04-01,5.32,5.53,6.0,6.42,6.58,6.74,6.87,6.9,7.21,7.09
1997-04-15,5.31,5.62,5.99,6.45,6.62,6.76,6.87,6.88,7.21,7.1
1997-04-29,5.34,5.53,5.92,6.34,6.49,6.64,6.75,6.77,7.09,6.99
1997-05-13,5.24,5.55,5.88,6.3,6.44,6.6,6.67,6.71,7.01,6.92
1997-05-28,5.18,5.48,5.91,6.34,6.48,6.65,6.74,6.8,7.11,7.03
1997-06-11,4.98,5.4,5.75,6.19,6.32,6.45,6.52,6.56,6.9,6.83
1997-06-25,5.07,5.26,5.67,6.05,6.19,6.34,6.44,6.45,6.8,6.74
1997-07-10,5.15,5.32,5.53,5.91,6.02,6.15,6.24,6.26,6.61,6.56
1997-07-24,5.23,5.35,5.52,5.87,5.95,6.06,6.13,6.16,6.49,6.43
1997-08-07,5.3,5.45,5.54,5.93,6.05,6.14,6.24,6.24,6.58,6.51
1997-08-21,5.27,5.37,5.57,5.95,6.05,6.15,6.3,6.3,6.68,6.6
1997-09-05,5.17,5.38,5.58,5.98,6.09,6.24,6.36,6.37,6.72,6.65
1997-09-19,5.06,5.27,5.48,5.81,5.89,6.01,6.08,6.09,6.44,6.38
1997-10-03,5.03,5.22,5.42,5.72,5.79,5.89,6.02,6.01,6.35,6.3
1997-10-20,5.09,5.36,5.56,5.9,5.97,6.07,6.18,6.15,6.49,6.42
1997-11-03,5.26,5.35,5.44,5.69,5.77,5.79,5.94,5.91,6.27,6.21
1997-11-18,5.31,5.39,5.48,5.71,5.74,5.8,5.88,5.85,6.18,6.07
1997-12-03,5.26,5.4,5.53,5.74,5.77,5.8,5.85,5.83,6.1,6.02
1997-12-17,5.25,5.42,5.5,5.7,5.72,5.77,5.82,5.81,6.08,5.99
1998-01-02,5.32,5.4,5.46,5.59,5.62,5.63,5.68,5.67,5.94,5.86
1998-01-16,5.15,5.2,5.24,5.35,5.35,5.42,5.53,5.54,5.87,5.81
1998-02-02,5.26,5.3,5.26,5.36,5.38,5.43,5.55,5.57,5.93,5.87
1998-02-17,5.2,5.29,5.25,5.34,5.34,5.41,5.5,5.44,5.86,5.8
1998-03-03,5.23,5.34,5.46,5.64,5.64,5.72,5.82,5.77,6.14,6.07
1998-03-17,5.14,5.25,5.36,5.5,5.48,5.53,5.63,5.56,5.95,5.89
1998-03-31,5.16,5.27,5.41,5.6,5.61,5.64,5.74,5.67,6.02,5.94
1998-04-15,5.08,5.3,5.38,5.55,5.56,5.59,5.66,5.6,5.96,5.89
1998-04-29,5.07,5.32,5.49,5.71,5.75,5.78,5.87,5.81,6.15,6.08
1998-05-13,5.12,5.38,5.44,5.59,5.6,5.63,5.72,5.64,6.02,5.95
1998-05-28,5.07,5.35,5.43,5.57,5.57,5.56,5.65,5.58,5.93,5.83
1998-06-11,5.11,5.32,5.37,5.45,5.44,5.46,5.49,5.44,5.74,5.65
1998-06-25,5.02,5.3,5.41,5.53,5.53,5.5,5.54,5.46,5.76,5.66
1998-07-10,5.06,5.22,5.33,5.41,5.42,5.4,5.47,5.42,5.73,5.63
1998-07-24,5.08,5.24,5.36,5.48,5.47,5.48,5.52,5.45,5.79,5.68
1998-08-07,4.99,5.16,5.24,5.34,5.33,5.39,5.44,5.4,5.72,5.63
1998-08-21,5.01,5.12,5.19,5.25,5.23,5.24,5.33,5.32,5.62,5.46
1998-09-04,4.86,4.99,4.91,4.91,4.84,4.9,5.01,5.02,5.44,5.29
1998-09-21,4.82,4.86,4.71,4.63,4.58,4.51,4.64,4.69,5.35,5.12
1998-10-05,4.23,4.34,4.18,4.04,4.02,3.95,4.13,4.16,4.93,4.7
1998-10-20,3.95,4.04,3.98,3.98,4.12,4.14,4.46,4.57,5.42,5.06
1998-11-03,4.5,4.51,4.33,4.25,4.37,4.33,4.63,4.78,5.46,5.22
1998-11-18,4.44,4.51,4.53,4.63,4.61,4.58,4.78,4.85,5.44,5.25
1998-12-03,4.45,4.48,4.41,4.36,4.33,4.31,4.54,4.58,5.29,5.02
1998-12-17,4.46,4.53,4.45,4.42,4.39,4.34,4.57,4.58,5.32,5.01
1999-01-04,4.49,4.57,4.58,4.58,4.57,4.57,4.75,4.69,5.42,5.15
1999-01-19,4.41,4.48,4.49,4.62,4.62,4.6,4.82,4.71,5.46,5.14
1999-02-02,4.53,4.57,4.59,4.7,4.7,4.7,4.87,4.79,5.51,5.24
1999-02-17,4.52,4.6,4.69,4.89,4.91,4.91,5.09,4.98,5.65,5.32
1999-03-03,4.62,4.75,4.89,5.19,5.24,5.29,5.48,5.39,5.95,5.68
1999-03-17,4.53,4.67,4.74,5.01,5.05,5.05,5.27,5.14,5.78,5.51
1999-03-31,4.49,4.53,4.72,4.99,5.07,5.12,5.38,5.25,5.92,5.63
1999-04-14,4.3,4.5,4.65,4.95,4.98,5.04,5.24,5.13,5.77,5.51
1999-04-28,4.51,4.6,4.75,5.02,5.1,5.16,5.32,5.27,5.84,5.58
1999-05-12,4.6,4.69,4.79,5.19,5.27,5.39,5.6,5.51,6.09,5.83
1999-05-26,4.66,4.81,4.92,5.33,5.41,5.49,5.72,5.55,6.12,5.8
1999-06-10,4.67,5.03,5.13,5.66,5.74,5.85,6.07,5.92,6.37,6.05
1999-06-24,4.74,5.06,5.18,5.75,5.84,5.93,6.2,6.05,6.51,6.17
1999-07-09,4.69,4.75,5.04,5.61,5.68,5.72,5.99,5.84,6.3,6.01
1999-07-23,4.65,4.71,5.02,5.58,5.65,5.72,6.0,5.84,6.32,6.02
1999-08-06,4.8,5.03,5.16,5.69,5.79,5.94,6.24,6.02,6.48,6.16
1999-08-20,4.84,5.1,5.16,5.65,5.72,5.79,6.1,5.88,6.41,5.99
1999-09-03,4.92,5.14,5.22,5.64,5.72,5.78,6.12,5.89,6.45,6.03
1999-09-20,4.81,5.09,5.28,5.67,5.75,5.81,6.11,5.91,6.5,6.08
1999-10-04,4.87,5.1,5.27,5.7,5.79,5.85,6.15,5.95,6.51,6.1
1999-10-19,5.15,5.24,5.47,5.92,5.99,6.09,6.39,6.18,6.74,6.35
1999-11-02,5.14,5.31,5.47,5.81,5.93,5.98,6.2,6.04,6.51,6.15
1999-11-17,5.24,5.44,5.57,5.9,5.94,5.98,6.18,6.04,6.46,6.13
1999-12-02,5.25,5.57,5.77,6.06,6.1,6.16,6.35,6.24,6.67,6.31
1999-12-16,5.39,5.75,5.9,6.15,6.18,6.2,6.41,6.31,6.75,6.39
1999-12-31,5.33,5.74,5.98,6.24,6.29,6.36,6.55,6.45,6.83,6.48
2000-01-03,5.48,5.81,6.09,6.38,6.42,6.5,6.65,6.58,6.94,6.61
2000-01-18,5.56,5.79,6.15,6.47,6.53,6.65,6.78,6.75,6.94,6.75
2000-02-01,5.71,5.95,6.3,6.6,6.63,6.68,6.71,6.62,6.66,6.43
2000-02-15,5.75,6.01,6.2,6.66,6.72,6.74,6.76,6.56,6.59,6.26
2000-03-01,5.76,6.02,6.17,6.52,6.54,6.59,6.63,6.39,6.48,6.16
2000-03-15,5.85,6.12,6.21,6.5,6.5,6.5,6.52,6.29,6.39,6.07
2000-03-29,5.89,6.17,6.31,6.59,6.54,6.46,6.45,6.18,6.35,5.99
2000-04-12,5.83,6.08,6.17,6.4,6.35,6.27,6.29,5.97,6.19,5.84
2000-04-27,5.75,6.06,6.21,6.63,6.59,6.51,6.5,6.23,6.34,6.0
2000-05-11,6.14,6.43,6.37,6.82,6.78,6.67,6.68,6.43,6.54,6.16
2000-05-25,5.85,6.37,6.27,6.71,6.69,6.64,6.63,6.39,6.5,6.11
2000-06-09,5.92,6.28,6.23,6.56,6.5,6.36,6.36,6.13,6.26,5.89
2000-06-23,5.86,6.2,6.19,6.55,6.49,6.37,6.42,6.19,6.38,6.04
2000-07-10,6.1,6.23,6.09,6.31,6.24,6.13,6.21,6.04,6.23,5.88
2000-07-24,6.21,6.29,6.07,6.35,6.28,6.18,6.21,6.04,6.15,5.81
2000-08-07,6.28,6.34,6.13,6.2,6.16,6.07,6.09,5.97,6.06,5.76
2000-08-21,6.3,6.38,6.2,6.28,6.23,6.1,6.06,5.79,6.02,5.71
2000-09-05,6.27,6.32,6.18,6.09,6.01,5.92,5.91,5.69,5.94,5.67
2000-09-19,6.17,6.22,6.09,6.05,5.99,5.93,6.01,5.86,6.18,5.92
2000-10-03,6.24,6.32,6.07,6.0,5.95,5.88,5.99,5.87,6.2,5.94
2000-10-18,6.3,6.26,5.91,5.82,5.74,5.68,5.76,5.66,6.0,5.77
2000-11-01,6.37,6.35,6.1,5.88,5.82,5.79,5.83,5.74,6.0,5.78
2000-11-15,6.38,6.36,6.1,5.9,5.8,5.69,5.78,5.72,5.97,5.77
2000-11-30,6.21,6.18,5.92,5.61,5.52,5.42,5.5,5.48,5.78,5.6
2000-12-14,6.06,6.01,5.7,5.43,5.31,5.19,5.28,5.23,5.6,5.45
2000-12-29,5.89,5.7,5.32,5.11,5.06,4.99,5.16,5.12,5.59,5.46
2001-01-02,5.87,5.58,5.11,4.87,4.82,4.76,4.97,4.92,5.46,5.35
2001-01-17,5.36,5.26,4.91,4.84,4.84,4.87,5.14,5.19,5.64,5.52
2001-01-31,4.99,4.83,4.6,4.62,4.67,4.85,5.08,5.19,5.65,5.54
2001-02-14,5.07,5.02,4.84,4.84,4.87,4.99,5.16,5.13,5.64,5.44
2001-03-01,4.84,4.68,4.45,4.41,4.48,4.67,4.88,4.87,5.45,5.29
2001-03-15,4.52,4.42,4.19,4.22,4.31,4.55,4.82,4.81,5.43,5.29
2001-03-29,4.32,4.14,4.16,4.27,4.4,4.67,4.93,4.98,5.63,5.48
2001-04-12,4.01,4.11,4.17,4.36,4.52,4.83,5.09,5.17,5.77,5.61
2001-04-27,3.85,3.89,3.91,4.28,4.53,4.94,5.2,5.34,5.94,5.81
2001-05-11,3.78,3.79,3.89,4.36,4.58,4.99,5.34,5.51,6.02,5.88
2001-05-25,3.66,3.69,3.76,4.31,4.58,5.04,5.38,5.52,6.04,5.86
2001-06-11,3.6,3.62,3.64,4.11,4.4,4.87,5.19,5.32,5.85,5.69
2001-06-25,3.46,3.46,3.48,3.96,4.22,4.65,5.0,5.16,5.72,5.59
2001-07-10,3.63,3.58,3.61,4.08,4.34,4.82,5.15,5.32,5.83,5.68
2001-07-24,3.56,3.52,3.59,3.97,4.26,4.67,4.94,5.13,5.64,5.52
2001-08-07,3.52,3.47,3.56,3.9,4.19,4.72,5.0,5.2,5.71,5.6
2001-08-21,3.39,3.35,3.41,3.69,3.96,4.5,4.79,4.87,5.54,5.44
2001-09-05,3.41,3.39,3.47,3.79,4.07,4.61,4.86,4.97,5.57,5.48
2001-09-21,2.25,2.34,2.53,2.91,3.27,3.94,4.43,4.7,5.62,5.59
2001-10-05,2.19,2.18,2.33,2.71,3.1,3.87,4.26,4.52,5.34,5.31
2001-10-22,2.22,2.18,2.35,2.79,3.22,3.98,4.37,4.63,5.38,5.36
2001-11-05,2.01,1.96,2.05,2.46,2.91,3.71,4.07,4.31,5.06,4.86
2001-11-20,1.95,1.99,2.31,2.96,3.41,4.17,4.66,4.88,5.5,5.3
2001-12-05,1.77,1.88,2.27,3.07,3.55,4.24,4.7,4.92,5.61,5.35
2001-12-19,1.69,1.8,2.23,3.11,3.63,4.38,4.84,5.08,5.73,5.45
2002-01-02,1.74,1.85,2.28,3.22,3.75,4.52,4.97,5.2,5.86,5.56
2002-01-16,1.61,1.65,2.01,2.84,3.36,4.16,4.62,4.88,5.58,5.36
2002-01-31,1.76,1.89,2.29,3.16,3.7,4.42,4.82,5.07,5.68,5.44
2002-02-14,1.75,1.86,2.26,3.07,3.59,4.35,4.76,4.95,5.64,5.42
2002-03-01,1.77,1.91,2.33,3.18,3.73,4.43,4.82,4.98,5.7,
2002-03-15,1.86,2.09,2.61,3.63,4.23,4.8,5.2,5.35,5.98,
2002-04-01,1.79,2.16,2.76,3.74,4.29,4.93,5.29,5.44,6.04,
2002-04-15,1.72,1.96,2.44,3.38,3.99,4.57,4.95,5.15,5.78,
2002-04-29,1.78,1.93,2.36,3.26,3.85,4.55,4.91,5.13,5.77,
2002-05-13,1.79,1.92,2.36,3.28,3.81,4.54,4.98,5.23,5.86,
2002-05-28,1.77,1.94,2.41,3.3,3.82,4.46,4.87,5.16,5.83,
2002-06-11,1.75,1.87,2.27,3.09,3.59,4.29,4.69,5.02,5.71,
2002-06-25,1.73,1.81,2.16,2.92,3.41,4.13,4.55,4.88,5.62,
2002-07-10,1.72,1.74,1.97,2.61,3.07,3.85,4.33,4.66,5.48,
2002-07-24,1.69,1.7,1.89,2.38,2.81,3.6,4.13,4.49,5.42,
2002-08-07,1.59,1.55,1.64,1.98,2.4,3.24,3.89,4.35,5.31,
2002-08-21,1.63,1.65,1.77,2.12,2.51,3.28,3.85,4.2,5.14,
2002-09-05,1.61,1.58,1.66,1.95,2.29,2.95,3.52,3.91,4.88,
2002-09-19,1.65,1.64,1.68,1.93,2.24,2.87,3.42,3.79,4.8,
2002-10-03,1.57,1.51,1.53,1.75,2.08,2.74,3.33,3.7,4.79,
2002-10-18,1.67,1.68,1.77,2.09,2.45,3.17,3.73,4.14,5.17,
2002-11-01,1.43,1.42,1.46,1.76,2.14,2.92,3.54,4.01,5.07,
2002-11-18,1.23,1.27,1.48,1.91,2.3,3.04,3.61,4.02,4.98,
2002-12-03,1.23,1.31,1.57,2.08,2.53,3.33,3.92,4.24,5.18,
2002-12-17,1.22,1.27,1.48,1.89,2.3,3.11,3.71,4.13,5.11,
2003-01-02,1.22,1.25,1.42,1.8,2.22,3.05,3.62,4.07,5.05,
2003-01-16,1.18,1.22,1.37,1.75,2.21,3.11,3.65,4.1,5.06,
2003-01-31,1.18,1.19,1.31,1.72,2.16,3.02,3.55,4.0,4.93,
2003-02-14,1.18,1.19,1.3,1.62,2.05,2.91,3.48,3.95,4.94,
2003-03-03,1.2,1.21,1.26,1.52,1.89,2.66,3.21,3.68,4.69,
2003-03-17,1.15,1.15,1.24,1.63,2.03,2.82,3.37,3.82,4.82,
2003-03-31,1.14,1.13,1.19,1.51,1.93,2.78,3.35,3.83,4.84,
2003-04-14,1.2,1.22,1.33,1.74,2.17,3.02,3.55,4.04,4.99,
2003-04-29,1.15,1.18,1.28,1.62,2.06,2.94,3.47,3.96,4.86,
2003-05-13,1.09,1.12,1.23,1.47,1.82,2.58,3.12,3.63,4.58,
2003-05-28,1.12,1.11,1.15,1.35,1.62,2.35,2.94,3.44,4.42,
2003-06-11,0.94,0.95,1.0,1.16,1.42,2.16,2.72,3.21,4.23,
2003-06-25,0.92,0.94,1.05,1.3,1.57,2.32,2.9,3.38,4.4,
2003-07-10,0.89,0.95,1.07,1.33,1.72,2.59,3.17,3.7,4.68,
2003-07-24,0.93,0.98,1.13,1.54,2.05,3.08,3.66,4.2,5.12,
2003-08-07,0.95,1.04,1.26,1.74,2.3,3.19,3.78,4.3,5.27,
2003-08-21,0.97,1.07,1.37,1.98,2.56,3.51,4.07,4.53,5.43,
2003-09-05,0.96,1.03,1.24,1.72,2.28,3.28,3.83,4.35,5.29,
2003-09-19,0.95,1.02,1.23,1.7,2.2,3.11,3.66,4.17,5.12,
2003-10-03,0.94,1.01,1.2,1.65,2.17,3.12,3.69,4.21,5.15,
2003-10-20,0.95,1.04,1.32,1.88,2.42,3.33,3.89,4.41,5.3,
2003-11-03,0.96,1.05,1.33,1.9,2.44,3.34,3.88,4.4,5.25,
2003-11-18,0.96,1.04,1.3,1.83,2.32,3.14,3.66,4.17,5.05,
2003-12-03,0.94,1.04,1.39,2.09,2.63,3.46,3.98,4.41,5.25,
2003-12-17,0.9,0.99,1.26,1.83,2.37,3.18,3.7,4.19,5.05,
2004-01-02,0.93,1.02,1.31,1.94,2.47,3.36,3.9,4.38,5.21,
2004-01-16,0.89,0.97,1.21,1.7,2.19,3.03,3.54,4.04,4.9,
2004-02-02,0.94,1.03,1.29,1.83,2.36,3.18,3.7,4.18,5.02,
2004-02-17,0.95,1.0,1.21,1.7,2.2,3.02,3.54,4.05,4.91,
2004-03-02,0.97,1.03,1.26,1.74,2.21,3.04,3.55,4.05,4.9,
2004-03-16,0.96,1.01,1.17,1.51,1.89,2.65,3.17,3.7,4.61,
2004-03-30,0.96,1.01,1.21,1.63,2.05,2.86,3.39,3.91,4.8,
2004-04-14,0.95,1.13,1.48,2.13,2.6,3.44,3.95,4.4,5.21,
2004-04-28,0.97,1.16,1.54,2.3,2.82,3.6,4.08,4.5,5.28,
2004-05-12,1.04,1.33,1.81,2.62,3.19,3.96,4.41,4.83,5.57,
2004-05-26,1.08,1.39,1.81,2.52,3.08,3.81,4.27,4.67,5.41,
2004-06-10,1.3,1.65,2.14,2.81,3.32,4.0,4.43,4.81,5.52,
2004-06-25,1.31,1.69,2.14,2.74,3.2,3.85,4.27,4.66,5.37,
2004-07-12,1.34,1.67,2.02,2.53,2.96,3.62,4.06,4.46,5.22,
2004-07-26,1.45,1.78,2.18,2.75,3.13,3.73,4.13,4.49,5.23,
2004-08-09,1.51,1.73,1.97,2.45,2.86,3.45,3.88,4.28,5.06,
2004-08-23,1.54,1.8,2.03,2.5,2.87,3.46,3.9,4.28,5.08,
2004-09-07,1.66,1.91,2.13,2.58,2.91,3.48,3.89,4.26,5.03,
2004-09-21,1.72,1.93,2.12,2.49,2.79,3.28,3.66,4.05,4.82,
2004-10-05,1.71,2.03,2.23,2.65,2.93,3.44,3.83,4.18,4.93,
2004-10-20,1.82,2.04,2.2,2.53,2.78,3.26,3.66,4.01,4.77,
2004-11-03,1.96,2.18,2.32,2.6,2.85,3.35,3.74,4.09,4.83,
2004-11-18,2.13,2.34,2.51,2.86,3.08,3.48,3.81,4.12,4.82,
2004-12-03,2.21,2.39,2.58,2.94,3.19,3.61,3.96,4.27,4.95,
2004-12-17,2.2,2.48,2.67,3.03,3.22,3.59,3.91,4.21,4.85,
2005-01-03,2.32,2.63,2.79,3.1,3.28,3.64,3.94,4.23,4.84,
2005-01-18,2.39,2.71,2.9,3.26,3.42,3.72,3.97,4.21,4.73,
2005-02-01,2.51,2.77,2.95,3.29,3.43,3.71,3.93,4.15,4.65,
2005-02-15,2.59,2.86,3.03,3.37,3.51,3.71,3.91,4.1,4.55,
2005-03-02,2.74,3.0,3.19,3.57,3.75,4.0,4.2,4.38,4.82,
2005-03-16,2.8,3.09,3.3,3.72,3.92,4.18,4.35,4.52,4.91,
2005-03-31,2.79,3.13,3.35,3.8,3.96,4.18,4.33,4.5,4.88,
2005-04-14,2.78,3.14,3.3,3.6,3.76,3.99,4.17,4.37,4.8,
2005-04-28,2.88,3.15,3.3,3.59,3.67,3.85,3.99,4.19,4.6,
2005-05-12,2.88,3.17,3.34,3.66,3.75,3.87,3.99,4.18,4.59,
2005-05-26,2.94,3.15,3.31,3.64,3.72,3.82,3.92,4.08,4.49,
2005-06-10,3.01,3.14,3.33,3.71,3.75,3.84,3.92,4.05,4.39,
2005-06-24,3.09,3.27,3.38,3.59,3.63,3.69,3.78,3.92,4.28,
2005-07-11,3.19,3.46,3.58,3.81,3.85,3.91,3.99,4.11,4.42,
2005-07-25,3.44,3.68,3.77,3.95,3.99,4.06,4.14,4.25,4.53,
2005-08-08,3.54,3.82,3.93,4.16,4.22,4.28,4.34,4.42,4.68,
2005-08-22,3.53,3.82,3.89,4.03,4.06,4.08,4.14,4.22,4.48,
2005-09-06,3.52,3.7,3.73,3.8,3.83,3.89,3.97,4.09,4.39,
2005-09-20,3.61,3.89,3.92,4.0,4.01,4.06,4.14,4.26,4.59,
2005-10-04,3.63,4.02,4.09,4.22,4.22,4.24,4.3,4.38,4.66,
2005-10-19,3.86,4.15,4.18,4.25,4.28,4.32,4.38,4.47,4.76,
2005-11-02,3.94,4.25,4.31,4.43,4.46,4.5,4.54,4.61,4.88,
2005-11-17,4.01,4.3,4.32,4.37,4.39,4.39,4.42,4.46,4.75,
2005-12-02,3.99,4.31,4.35,4.43,4.43,4.45,4.48,4.52,4.81,
2005-12-16,3.93,4.3,4.32,4.37,4.35,4.36,4.39,4.45,4.72,
2006-01-03,4.16,4.4,4.38,4.34,4.3,4.3,4.32,4.37,4.62,
2006-01-18,4.35,4.46,4.42,4.33,4.29,4.28,4.3,4.34,4.58,
2006-02-01,4.47,4.6,4.6,4.59,4.54,4.51,4.52,4.57,4.77,
2006-02-15,4.55,4.7,4.7,4.71,4.68,4.6,4.6,4.61,4.78,4.58
2006-03-02,4.62,4.75,4.74,4.72,4.72,4.68,4.66,4.64,4.8,4.62
2006-03-16,4.62,4.77,4.72,4.62,4.62,4.6,4.61,4.65,4.86,4.7
2006-03-30,4.61,4.84,4.84,4.84,4.84,4.83,4.83,4.86,5.07,4.89
2006-04-13,4.7,4.94,4.95,4.96,4.96,4.97,5.0,5.05,5.28,5.11
2006-04-28,4.77,4.91,4.9,4.87,4.87,4.92,4.98,5.07,5.31,5.17
2006-05-12,4.85,5.0,5.0,5.01,5.03,5.08,5.12,5.19,5.44,5.29
2006-05-26,4.84,5.02,5.0,4.96,4.94,4.95,4.97,5.06,5.3,5.16
2006-06-12,4.93,5.13,5.09,5.02,4.97,4.95,4.96,4.99,5.17,5.03
2006-06-26,5.03,5.32,5.3,5.27,5.25,5.22,5.23,5.25,5.42,5.28
2006-07-11,5.05,5.3,5.26,5.17,5.11,5.07,5.08,5.1,5.26,5.14
2006-07-25,5.13,5.25,5.21,5.11,5.05,5.02,5.03,5.07,5.24,5.13
2006-08-08,5.1,5.16,5.08,4.91,4.86,4.85,4.86,4.93,5.11,5.02
2006-08-22,5.1,5.17,5.07,4.87,4.79,4.77,4.77,4.82,5.03,4.95
2006-09-06,4.97,5.12,5.02,4.82,4.76,4.75,4.76,4.8,5.02,4.95
2006-09-20,4.93,5.09,5.0,4.81,4.73,4.7,4.7,4.73,4.93,4.85
2006-10-04,4.93,5.0,4.87,4.6,4.53,4.5,4.52,4.57,4.79,4.72
2006-10-19,5.1,5.16,5.05,4.85,4.79,4.75,4.75,4.79,4.99,4.91
2006-11-02,5.07,5.13,4.97,4.67,4.6,4.55,4.56,4.6,4.8,4.72
2006-11-16,5.09,5.17,5.06,4.85,4.75,4.67,4.66,4.66,4.84,4.74
2006-12-01,5.03,5.05,4.87,4.52,4.43,4.39,4.39,4.43,4.64,4.54
2006-12-15,4.91,5.07,4.96,4.73,4.62,4.57,4.57,4.6,4.81,4.72
2007-01-02,5.07,5.11,5.0,4.8,4.71,4.68,4.68,4.68,4.87,4.79
2007-01-17,5.12,5.16,5.08,4.91,4.83,4.78,4.78,4.79,4.98,4.88
2007-01-31,5.12,5.16,5.09,4.94,4.85,4.82,4.82,4.83,5.02,4.93
2007-02-14,5.16,5.16,5.06,4.87,4.77,4.72,4.72,4.74,4.94,4.83
2007-03-01,5.15,5.11,4.95,4.63,4.54,4.5,4.51,4.56,4.78,4.68
2007-03-15,5.05,5.12,4.93,4.57,4.5,4.46,4.47,4.54,4.78,4.69
2007-03-29,5.05,5.06,4.9,4.58,4.52,4.53,4.55,4.64,4.9,4.83
2007-04-12,5.03,5.1,4.97,4.73,4.66,4.66,4.67,4.74,4.99,4.91
2007-04-26,4.96,5.04,4.92,4.67,4.6,4.59,4.61,4.69,4.95,4.87
2007-05-10,4.87,4.95,4.86,4.7,4.6,4.56,4.58,4.65,4.9,4.83
2007-05-24,4.91,4.99,4.94,4.85,4.8,4.79,4.8,4.86,5.09,5.0
2007-06-08,4.77,4.93,4.96,5.01,5.03,5.06,5.08,5.12,5.3,5.22
2007-06-22,4.73,4.95,4.94,4.92,4.97,5.02,5.07,5.14,5.34,5.25
2007-07-09,4.97,5.05,5.03,4.97,5.0,5.07,5.11,5.16,5.32,5.25
2007-07-23,5.02,5.1,5.0,4.8,4.81,4.86,4.9,4.97,5.15,5.07
2007-08-06,4.88,4.92,4.76,4.46,4.45,4.52,4.6,4.72,4.98,4.89
2007-08-20,3.12,4.17,4.15,4.11,4.19,4.32,4.44,4.64,5.04,4.98
2007-09-04,4.47,4.52,4.39,4.13,4.16,4.26,4.38,4.56,4.88,4.84
2007-09-18,4.01,4.12,4.08,4.0,4.04,4.19,4.32,4.5,4.81,4.77
2007-10-02,3.96,4.16,4.1,3.98,4.01,4.2,4.34,4.54,4.83,4.77
2007-10-17,4.01,4.17,4.11,4.0,4.04,4.22,4.36,4.57,4.88,4.82
2007-10-31,3.94,4.09,4.04,3.94,3.94,4.16,4.29,4.48,4.79,4.74
2007-11-15,3.3,3.56,3.49,3.35,3.35,3.71,3.9,4.17,4.58,4.54
2007-11-30,3.15,3.37,3.26,3.04,3.09,3.41,3.64,3.97,4.44,4.4
2007-12-14,2.88,3.26,3.28,3.31,3.32,3.63,3.88,4.24,4.71,4.66
2007-12-31,3.36,3.49,3.34,3.05,3.07,3.45,3.7,4.04,4.5,4.45
2008-01-02,3.26,3.32,3.17,2.88,2.89,3.28,3.54,3.91,4.39,4.35
2008-01-16,3.14,3.05,2.86,2.51,2.55,3.0,3.32,3.74,4.34,4.32
2008-01-31,1.96,2.07,2.11,2.17,2.27,2.82,3.19,3.67,4.35,4.35
2008-02-14,2.31,2.12,2.05,1.93,2.18,2.81,3.28,3.85,4.63,4.67
2008-02-29,1.85,1.83,1.77,1.65,1.87,2.5,2.96,3.53,4.37,4.41
2008-03-14,1.18,1.32,1.37,1.47,1.65,2.37,2.84,3.44,4.3,4.35
2008-03-31,1.38,1.51,1.55,1.62,1.79,2.46,2.88,3.45,4.3,4.3
2008-04-14,1.08,1.41,1.53,1.78,1.97,2.6,3.0,3.53,4.32,4.35
2008-04-28,1.43,1.74,1.95,2.36,2.58,3.14,3.44,3.86,4.57,4.57
2008-05-12,1.77,1.87,2.01,2.3,2.54,3.0,3.34,3.78,4.52,4.53
2008-05-27,1.89,1.94,2.15,2.55,2.82,3.25,3.52,3.93,4.65,4.65
2008-06-10,2.02,2.24,2.53,2.91,3.2,3.54,3.77,4.11,4.76,4.7
2008-06-24,1.83,2.25,2.53,2.87,3.14,3.52,3.76,4.1,4.7,4.65
2008-07-09,1.82,2.05,2.21,2.41,2.71,3.11,3.42,3.85,4.47,4.42
2008-07-23,1.59,1.91,2.4,2.81,3.1,3.51,3.77,4.16,4.76,4.69
2008-08-06,1.64,1.92,2.26,2.56,2.85,3.3,3.62,4.06,4.71,4.68
2008-08-20,1.71,1.9,2.06,2.25,2.54,3.0,3.34,3.79,4.46,4.43
2008-09-04,1.69,1.89,2.04,2.2,2.41,2.87,3.21,3.64,4.31,4.27
2008-09-18,0.23,0.79,1.53,1.78,2.05,2.67,3.08,3.54,4.19,4.14
2008-10-02,0.63,1.21,1.45,1.62,1.91,2.68,3.13,3.66,4.28,4.16
2008-10-17,0.83,1.25,1.34,1.64,1.9,2.83,3.3,3.98,4.66,4.32
2008-10-31,0.46,0.94,1.34,1.56,1.8,2.8,3.29,4.01,4.74,4.35
2008-11-17,0.12,0.81,1.08,1.22,1.53,2.32,2.92,3.68,4.42,4.2
2008-12-02,0.06,0.42,0.77,0.9,1.12,1.65,2.08,2.68,3.47,3.18
2008-12-16,0.04,0.23,0.45,0.65,0.88,1.34,1.77,2.37,3.16,2.86
2008-12-31,0.11,0.27,0.37,0.76,1.0,1.55,1.87,2.25,3.05,2.69
2009-01-02,0.08,0.28,0.4,0.88,1.14,1.72,2.07,2.46,3.22,2.83
2009-01-16,0.12,0.29,0.43,0.73,1.05,1.47,1.83,2.36,3.22,2.89
2009-02-02,0.27,0.39,0.51,0.89,1.27,1.75,2.16,2.76,3.75,3.47
2009-02-17,0.32,0.48,0.61,0.87,1.22,1.65,2.05,2.64,3.7,3.47
2009-03-03,0.27,0.44,0.68,0.91,1.31,1.87,2.58,2.93,3.92,3.67
2009-03-17,0.24,0.45,0.69,1.05,1.45,2.0,2.64,3.02,3.99,3.83
2009-03-31,0.21,0.43,0.57,0.81,1.15,1.67,2.28,2.71,3.61,3.56
2009-04-15,0.15,0.34,0.54,0.86,1.22,1.71,2.29,2.82,3.75,3.66
2009-04-29,0.11,0.28,0.5,0.94,1.4,2.01,2.69,3.12,4.07,4.01
2009-05-13,0.17,0.3,0.52,0.89,1.31,1.98,2.62,3.11,4.06,4.09
2009-05-28,0.15,0.31,0.48,0.97,1.52,2.46,3.22,3.67,4.52,4.54
2009-06-11,0.19,0.31,0.53,1.35,1.97,2.87,3.49,3.88,4.67,4.69
2009-06-25,0.18,0.31,0.47,1.12,1.66,2.58,3.22,3.55,4.31,4.33
2009-07-10,0.18,0.26,0.45,0.91,1.4,2.22,2.89,3.32,4.16,4.2
2009-07-24,0.18,0.29,0.47,1.05,1.59,2.57,3.25,3.7,4.53,4.55
2009-08-07,0.19,0.3,0.52,1.32,1.87,2.84,3.5,3.89,4.59,4.61
2009-08-21,0.17,0.26,0.45,1.13,1.65,2.58,3.21,3.56,4.32,4.36
2009-09-04,0.14,0.23,0.42,0.94,1.46,2.36,3.06,3.45,4.21,4.27
2009-09-21,0.11,0.2,0.4,1.02,1.56,2.47,3.11,3.49,4.2,4.23
2009-10-05,0.08,0.15,0.36,0.88,1.38,2.21,2.82,3.24,3.98,4.01
2009-10-20,0.08,0.17,0.39,0.95,1.44,2.3,2.93,3.35,4.14,4.16
2009-11-03,0.06,0.17,0.38,0.92,1.46,2.36,3.05,3.5,4.29,4.34
2009-11-18,0.04,0.15,0.29,0.77,1.27,2.21,2.9,3.36,4.21,4.29
2009-12-03,0.06,0.16,0.3,0.74,1.23,2.14,2.87,3.39,4.23,4.33
2009-12-17,0.04,0.15,0.35,0.77,1.27,2.24,2.97,3.5,4.31,4.42
2010-01-04,0.08,0.18,0.45,1.09,1.66,2.65,3.36,3.85,4.6,4.65
2010-01-19,0.06,0.14,0.33,0.93,1.48,2.48,3.2,3.73,4.49,4.6
2010-02-02,0.1,0.17,0.33,0.86,1.41,2.37,3.11,3.67,4.42,4.55
2010-02-17,0.1,0.18,0.35,0.87,1.42,2.4,3.16,3.74,4.56,4.7
2010-03-03,0.14,0.19,0.33,0.82,1.34,2.27,3.04,3.63,4.43,4.58
2010-03-17,0.15,0.23,0.41,0.95,1.47,2.38,3.1,3.65,4.41,4.56
2010-03-31,0.16,0.24,0.41,1.02,1.6,2.55,3.28,3.84,4.55,4.72
2010-04-14,0.16,0.24,0.45,1.07,1.65,2.61,3.31,3.88,4.57,4.72
2010-04-28,0.16,0.24,0.43,1.03,1.61,2.53,3.23,3.8,4.47,4.63
2010-05-12,0.16,0.22,0.4,0.89,1.4,2.29,3.01,3.56,4.29,4.47
2010-05-26,0.17,0.23,0.37,0.82,1.28,2.06,2.68,3.21,3.94,4.11
2010-06-10,0.1,0.18,0.34,0.79,1.27,2.12,2.78,3.33,4.06,4.25
2010-06-24,0.13,0.19,0.29,0.67,1.1,1.93,2.59,3.14,3.91,4.09
2010-07-09,0.16,0.2,0.3,0.63,1.03,1.85,2.52,3.07,3.85,4.04
2010-07-23,0.16,0.2,0.27,0.6,0.94,1.75,2.43,3.02,3.81,4.01
2010-08-06,0.15,0.19,0.25,0.5,0.78,1.51,2.21,2.86,3.71,4.0
2010-08-20,0.15,0.19,0.26,0.49,0.78,1.47,2.07,2.62,3.38,3.67
2010-09-03,0.14,0.19,0.25,0.52,0.81,1.49,2.14,2.72,3.49,3.79
2010-09-20,0.17,0.2,0.26,0.47,0.73,1.43,2.1,2.72,3.57,3.87
2010-10-04,0.13,0.19,0.26,0.41,0.62,1.23,1.86,2.5,3.39,3.71
2010-10-18,0.15,0.18,0.23,0.38,0.55,1.14,1.81,2.52,3.57,3.93
2010-11-01,0.13,0.16,0.22,0.34,0.5,1.17,1.9,2.66,3.66,4.01
2010-11-16,0.15,0.19,0.27,0.51,0.79,1.49,2.13,2.85,3.9,4.26
2010-12-01,0.16,0.2,0.28,0.53,0.84,1.64,2.33,2.97,3.95,4.24
2010-12-15,0.14,0.2,0.3,0.68,1.08,2.11,2.88,3.53,4.37,4.59
2010-12-30,0.12,0.2,0.29,0.66,1.07,2.06,2.76,3.38,4.21,4.43
2011-01-03,0.15,0.19,0.29,0.61,1.03,2.02,2.74,3.36,4.18,4.39
2011-01-18,0.16,0.19,0.26,0.6,1.0,1.97,2.7,3.39,4.31,4.56
2011-02-01,0.15,0.18,0.27,0.61,1.04,2.02,2.79,3.48,4.37,4.62
2011-02-15,0.13,0.17,0.3,0.84,1.39,2.35,3.03,3.61,4.45,4.66
2011-03-02,0.13,0.17,0.26,0.69,1.18,2.16,2.86,3.46,4.3,4.54
2011-03-16,0.1,0.14,0.21,0.58,0.98,1.87,2.56,3.22,4.11,4.38
2011-03-30,0.1,0.17,0.3,0.8,1.28,2.21,2.87,3.47,4.29,4.52
2011-04-13,0.06,0.11,0.23,0.75,1.26,2.19,2.86,3.49,4.33,4.55
2011-04-28,0.04,0.1,0.23,0.62,1.03,2.0,2.69,3.34,4.18,4.42
2011-05-12,0.02,0.07,0.18,0.57,0.98,1.89,2.56,3.22,4.07,4.37
2011-05-26,0.05,0.1,0.18,0.48,0.83,1.72,2.4,3.07,3.93,4.23
2011-06-10,0.05,0.1,0.19,0.41,0.71,1.58,2.28,2.99,3.87,4.18
2011-06-24,0.02,0.07,0.16,0.35,0.57,1.4,2.13,2.88,3.83,4.17
2011-07-11,0.03,0.07,0.17,0.37,0.64,1.49,2.22,2.94,3.88,4.2
2011-07-25,0.05,0.1,0.2,0.42,0.69,1.55,2.29,3.03,3.98,4.31
2011-08-08,0.05,0.07,0.12,0.27,0.45,1.11,1.75,2.4,3.31,3.68
2011-08-22,0.01,0.04,0.09,0.22,0.37,0.94,1.47,2.1,3.0,3.42
2011-09-06,0.02,0.07,0.13,0.21,0.33,0.88,1.4,1.98,2.86,3.26
2011-09-20,0.01,0.03,0.09,0.18,0.3,0.85,1.39,1.95,2.82,3.2
2011-10-04,0.01,0.04,0.11,0.25,0.4,0.9,1.35,1.81,2.53,2.77
2011-10-19,0.03,0.06,0.11,0.28,0.46,1.05,1.62,2.18,2.9,3.17
2011-11-02,0.01,0.04,0.11,0.23,0.37,0.89,1.44,2.03,2.75,3.03
2011-11-17,0.02,0.04,0.1,0.27,0.4,0.88,1.41,1.96,2.66,2.98
2011-12-02,0.02,0.06,0.12,0.25,0.39,0.92,1.49,2.05,2.74,3.03
2011-12-16,0.0,0.04,0.11,0.24,0.35,0.81,1.32,1.86,2.54,2.86
2012-01-03,0.02,0.06,0.12,0.27,0.4,0.89,1.41,1.97,2.67,2.98
2012-01-18,0.03,0.07,0.11,0.24,0.35,0.82,1.34,1.92,2.63,2.96
2012-02-01,0.06,0.09,0.13,0.23,0.31,0.72,1.27,1.87,2.65,3.01
2012-02-15,0.11,0.13,0.18,0.29,0.38,0.81,1.34,1.93,2.72,3.09
2012-03-01,0.08,0.13,0.18,0.3,0.43,0.89,1.44,2.03,2.8,3.15
2012-03-15,0.08,0.15,0.21,0.37,0.56,1.11,1.67,2.29,3.08,3.41
2012-03-29,0.07,0.14,0.18,0.33,0.5,1.01,1.57,2.18,2.93,3.27
2012-04-12,0.09,0.14,0.18,0.29,0.43,0.9,1.44,2.08,2.85,3.22
2012-04-26,0.09,0.15,0.18,0.26,0.39,0.83,1.36,1.98,2.74,3.13
2012-05-10,0.1,0.15,0.18,0.27,0.37,0.79,1.28,1.89,2.64,3.07
2012-05-24,0.1,0.14,0.21,0.29,0.42,0.77,1.2,1.77,2.46,2.86
2012-06-08,0.09,0.14,0.19,0.28,0.39,0.71,1.09,1.65,2.36,2.77
2012-06-22,0.09,0.15,0.19,0.31,0.42,0.76,1.15,1.69,2.37,2.75
2012-07-09,0.09,0.14,0.2,0.27,0.36,0.63,0.98,1.53,2.24,2.62
2012-07-23,0.1,0.14,0.17,0.22,0.28,0.57,0.93,1.47,2.15,2.52
2012-08-06,0.1,0.14,0.16,0.24,0.33,0.65,1.05,1.59,2.29,2.65
2012-08-20,0.11,0.14,0.19,0.29,0.41,0.8,1.26,1.82,2.55,2.93
2012-09-04,0.1,0.14,0.16,0.23,0.31,0.62,1.03,1.59,2.3,2.69
2012-09-18,0.1,0.13,0.18,0.25,0.35,0.71,1.19,1.82,2.61,3.0
2012-10-02,0.09,0.14,0.16,0.23,0.31,0.61,1.03,1.64,2.41,2.81
2012-10-17,0.11,0.15,0.18,0.3,0.41,0.78,1.24,1.83,2.6,2.98
2012-11-01,0.09,0.15,0.18,0.3,0.38,0.73,1.16,1.75,2.5,2.89
2012-11-16,0.06,0.13,0.16,0.24,0.32,0.62,1.01,1.58,2.31,2.73
2012-12-03,0.1,0.14,0.18,0.25,0.34,0.63,1.05,1.63,2.37,2.8
2012-12-17,0.05,0.1,0.13,0.25,0.37,0.74,1.2,1.78,2.53,2.94
2013-01-02,0.08,0.12,0.15,0.27,0.37,0.76,1.25,1.86,2.63,3.04
2013-01-16,0.08,0.11,0.14,0.26,0.36,0.75,1.23,1.84,2.61,3.01
2013-01-31,0.07,0.12,0.15,0.27,0.42,0.88,1.38,2.02,2.79,3.17
2013-02-14,0.11,0.13,0.16,0.27,0.42,0.86,1.37,2.0,2.79,3.17
2013-03-01,0.11,0.12,0.16,0.25,0.35,0.75,1.23,1.86,2.68,3.06
2013-03-15,0.09,0.11,0.14,0.25,0.4,0.84,1.35,2.01,2.85,3.22
2013-04-01,0.08,0.11,0.14,0.23,0.36,0.76,1.23,1.86,2.7,3.08
2013-04-15,0.06,0.09,0.12,0.22,0.32,0.69,1.12,1.72,2.5,2.88
2013-04-29,0.05,0.08,0.12,0.2,0.32,0.68,1.1,1.7,2.49,2.88
2013-05-13,0.05,0.08,0.13,0.24,0.4,0.83,1.3,1.92,2.73,3.13
2013-05-28,0.05,0.09,0.13,0.29,0.49,1.02,1.53,2.15,2.95,3.31
2013-06-11,0.05,0.08,0.14,0.34,0.57,1.12,1.61,2.2,3.0,3.33
2013-06-25,0.06,0.11,0.17,0.43,0.74,1.49,2.03,2.6,3.31,3.6
2013-07-10,0.04,0.08,0.13,0.38,0.73,1.54,2.12,2.7,3.4,3.68
2013-07-24,0.03,0.07,0.12,0.34,0.64,1.4,2.0,2.61,3.34,3.65
2013-08-07,0.05,0.08,0.12,0.32,0.61,1.38,2.0,2.61,3.37,3.68
2013-08-21,0.04,0.07,0.14,0.38,0.76,1.64,2.3,2.87,3.64,3.9
2013-09-05,0.02,0.06,0.16,0.52,0.97,1.85,2.45,2.98,3.64,3.88
2013-09-19,0.01,0.03,0.1,0.34,0.69,1.49,2.13,2.76,3.52,3.8
2013-10-03,0.03,0.05,0.11,0.33,0.61,1.36,1.99,2.62,3.4,3.71
2013-10-18,0.04,0.08,0.12,0.33,0.62,1.35,1.98,2.6,3.36,3.65
2013-11-01,0.04,0.08,0.1,0.33,0.61,1.37,2.03,2.65,3.4,3.69
2013-11-18,0.09,0.1,0.13,0.31,0.56,1.33,2.02,2.67,3.46,3.76
2013-12-03,0.06,0.1,0.13,0.28,0.58,1.4,2.13,2.79,3.56,3.84
2013-12-17,0.07,0.09,0.14,0.34,0.65,1.52,2.22,2.85,3.6,3.88
2014-01-02,0.07,0.09,0.13,0.39,0.76,1.72,2.41,3.0,3.68,3.92
2014-01-16,0.04,0.07,0.11,0.41,0.8,1.66,2.3,2.86,3.52,3.77
2014-01-31,0.02,0.06,0.1,0.34,0.69,1.49,2.13,2.67,3.35,3.61
2014-02-14,0.02,0.07,0.11,0.32,0.71,1.53,2.17,2.75,3.41,3.69
2014-03-03,0.05,0.08,0.12,0.32,0.66,1.46,2.07,2.6,3.27,3.55
2014-03-17,0.06,0.08,0.13,0.38,0.77,1.58,2.19,2.7,3.34,3.63
2014-03-31,0.05,0.07,0.13,0.44,0.9,1.73,2.3,2.73,3.31,3.56
2014-04-14,0.04,0.06,0.1,0.37,0.82,1.61,2.18,2.65,3.23,3.48
2014-04-29,0.02,0.05,0.11,0.44,0.91,1.74,2.29,2.71,3.25,3.49
2014-05-13,0.03,0.05,0.1,0.39,0.84,1.62,2.16,2.61,3.17,3.45
2014-05-28,0.04,0.05,0.1,0.37,0.76,1.5,2.01,2.44,3.01,3.29
2014-06-11,0.04,0.06,0.11,0.44,0.91,1.7,2.23,2.65,3.2,3.47
2014-06-25,0.03,0.05,0.11,0.48,0.92,1.68,2.17,2.57,3.12,3.38
2014-07-10,0.02,0.06,0.1,0.46,0.93,1.66,2.15,2.55,3.1,3.38
2014-07-24,0.03,0.06,0.11,0.53,1.0,1.72,2.18,2.52,3.04,3.3
2014-08-07,0.03,0.04,0.11,0.44,0.89,1.6,2.07,2.43,2.97,3.23
2014-08-21,0.02,0.06,0.1,0.49,0.95,1.64,2.08,2.41,2.92,3.19
2014-09-05,0.03,0.05,0.1,0.52,0.99,1.69,2.14,2.46,2.97,3.23
2014-09-19,0.02,0.04,0.11,0.59,1.09,1.83,2.29,2.59,3.05,3.29
2014-10-03,0.01,0.03,0.11,0.57,1.05,1.73,2.16,2.45,2.89,3.13
2014-10-20,0.02,0.06,0.1,0.37,0.76,1.41,1.85,2.2,2.68,2.96
2014-11-03,0.02,0.07,0.12,0.52,0.96,1.63,2.05,2.36,2.8,3.07
2014-11-18,0.02,0.07,0.14,0.53,0.96,1.63,2.03,2.32,2.77,3.05
2014-12-03,0.01,0.07,0.15,0.57,0.98,1.61,2.01,2.29,2.71,2.99
2014-12-17,0.03,0.11,0.23,0.62,1.06,1.61,1.93,2.14,2.46,2.74
2015-01-02,0.02,0.11,0.25,0.66,1.07,1.61,1.92,2.12,2.41,2.69
2015-01-16,0.03,0.07,0.17,0.49,0.8,1.29,1.6,1.83,2.17,2.44
2015-02-02,0.02,0.07,0.17,0.49,0.78,1.19,1.49,1.68,2.07,2.25
2015-02-17,0.02,0.07,0.25,0.7,1.1,1.62,1.95,2.14,2.49,2.73
2015-03-03,0.02,0.08,0.26,0.68,1.09,1.61,1.94,2.12,2.49,2.71
2015-03-17,0.05,0.15,0.27,0.7,1.07,1.56,1.87,2.06,2.4,2.61
2015-03-31,0.03,0.14,0.26,0.56,0.89,1.37,1.71,1.94,2.31,2.54
2015-04-14,0.02,0.1,0.23,0.53,0.85,1.34,1.67,1.9,2.29,2.54
2015-04-28,0.02,0.09,0.24,0.56,0.9,1.39,1.75,2.0,2.42,2.68
2015-05-12,0.03,0.09,0.25,0.61,1.0,1.58,2.0,2.28,2.75,3.02
2015-05-27,0.01,0.09,0.27,0.64,1.0,1.53,1.9,2.14,2.63,2.88
2015-06-10,0.02,0.1,0.28,0.75,1.15,1.8,2.22,2.5,2.96,3.22
2015-06-24,0.01,0.08,0.3,0.68,1.06,1.69,2.12,2.38,2.87,3.16
2015-07-09,0.03,0.08,0.25,0.6,0.95,1.58,2.01,2.32,2.8,3.11
2015-07-23,0.03,0.13,0.33,0.71,1.06,1.65,2.03,2.28,2.67,2.98
2015-08-06,0.04,0.2,0.35,0.71,1.08,1.62,1.98,2.23,2.59,2.9
2015-08-20,0.02,0.22,0.39,0.69,1.0,1.5,1.84,2.09,2.45,2.76
2015-09-03,0.02,0.24,0.36,0.71,1.0,1.49,1.9,2.18,2.64,2.95
2015-09-18,0.0,0.1,0.35,0.69,0.97,1.45,1.83,2.13,2.58,2.93
2015-10-02,0.0,0.06,0.25,0.58,0.85,1.29,1.67,1.99,2.44,2.82
2015-10-19,0.02,0.12,0.23,0.61,0.89,1.35,1.73,2.04,2.48,2.89
2015-11-02,0.08,0.27,0.37,0.77,1.08,1.57,1.93,2.2,2.6,2.95
2015-11-17,0.14,0.34,0.5,0.86,1.18,1.66,2.02,2.25,2.69,3.04
2015-12-02,0.21,0.42,0.52,0.94,1.23,1.63,1.97,2.18,2.55,2.91
2015-12-16,0.27,0.51,0.7,1.02,1.35,1.75,2.11,2.3,2.65,3.02
2015-12-31,0.16,0.49,0.65,1.06,1.31,1.76,2.09,2.27,2.67,3.01
2016-01-04,0.22,0.49,0.61,1.02,1.31,1.73,2.06,2.24,2.64,2.98
2016-01-19,0.26,0.37,0.48,0.88,1.11,1.49,1.82,2.06,2.45,2.82
2016-02-02,0.34,0.47,0.54,0.75,0.93,1.28,1.61,1.87,2.27,2.67
2016-02-17,0.3,0.43,0.53,0.74,0.93,1.26,1.57,1.81,2.24,2.68
2016-03-02,0.36,0.48,0.67,0.85,1.0,1.34,1.65,1.84,2.27,2.69
2016-03-16,0.31,0.47,0.66,0.87,1.05,1.41,1.72,1.94,2.32,2.73
2016-03-31,0.21,0.39,0.59,0.73,0.87,1.21,1.54,1.78,2.2,2.61
2016-04-14,0.22,0.37,0.55,0.77,0.92,1.26,1.57,1.8,2.18,2.61
2016-04-28,0.22,0.39,0.56,0.78,0.93,1.28,1.6,1.84,2.27,2.68
2016-05-12,0.27,0.37,0.54,0.76,0.92,1.24,1.54,1.75,2.18,2.6
2016-05-26,0.31,0.46,0.65,0.87,1.03,1.35,1.65,1.83,2.24,2.64
2016-06-10,0.26,0.42,0.57,0.73,0.87,1.17,1.44,1.64,2.02,2.44
2016-06-24,0.27,0.38,0.48,0.64,0.76,1.08,1.35,1.57,1.96,2.42
2016-07-11,0.31,0.4,0.5,0.66,0.77,1.03,1.27,1.43,1.73,2.14
2016-07-25,0.32,0.44,0.55,0.72,0.87,1.15,1.41,1.58,1.9,2.29
2016-08-08,0.31,0.45,0.57,0.74,0.86,1.15,1.42,1.59,1.91,2.3
2016-08-22,0.29,0.45,0.58,0.76,0.86,1.15,1.4,1.55,1.88,2.24
2016-09-06,0.32,0.45,0.56,0.74,0.86,1.13,1.4,1.55,1.9,2.24
2016-09-20,0.3,0.49,0.61,0.79,0.93,1.2,1.5,1.69,2.09,2.43
2016-10-04,0.33,0.48,0.64,0.82,0.95,1.22,1.51,1.69,2.08,2.4
2016-10-19,0.35,0.48,0.65,0.81,0.96,1.24,1.54,1.76,2.18,2.51
2016-11-02,0.37,0.51,0.64,0.81,0.98,1.26,1.57,1.81,2.22,2.56
2016-11-17,0.44,0.61,0.77,1.04,1.31,1.73,2.08,2.29,2.69,3.01
2016-12-02,0.49,0.61,0.8,1.11,1.4,1.84,2.2,2.4,2.78,3.08
2016-12-16,0.51,0.65,0.91,1.28,1.59,2.07,2.41,2.6,2.91,3.19
2017-01-03,0.53,0.65,0.89,1.22,1.5,1.94,2.26,2.45,2.78,3.04
2017-01-18,0.53,0.63,0.82,1.23,1.51,1.93,2.24,2.42,2.74,3.0
2017-02-01,0.51,0.65,0.83,1.22,1.49,1.93,2.27,2.48,2.8,3.08
2017-02-15,0.54,0.67,0.86,1.27,1.57,2.01,2.33,2.51,2.84,3.09
2017-03-02,0.67,0.84,0.98,1.32,1.6,2.03,2.32,2.49,2.84,3.09
2017-03-16,0.73,0.89,1.01,1.35,1.63,2.05,2.34,2.53,2.89,3.14
2017-03-30,0.78,0.91,1.03,1.28,1.55,1.96,2.25,2.42,2.78,3.03
2017-04-13,0.81,0.94,1.03,1.21,1.4,1.77,2.05,2.24,2.62,2.89
2017-04-28,0.8,0.99,1.07,1.28,1.45,1.81,2.1,2.29,2.67,2.96
2017-05-12,0.88,1.03,1.11,1.29,1.49,1.85,2.13,2.33,2.74,2.98
2017-05-26,0.94,1.08,1.17,1.3,1.46,1.79,2.06,2.25,2.65,2.92
2017-06-12,0.98,1.09,1.19,1.35,1.5,1.78,2.02,2.21,2.59,2.86
2017-06-26,0.99,1.1,1.2,1.36,1.48,1.77,1.97,2.14,2.46,2.7
2017-07-11,1.05,1.14,1.2,1.37,1.57,1.92,2.18,2.37,2.69,2.92
2017-07-25,1.18,1.15,1.24,1.4,1.56,1.9,2.15,2.33,2.67,2.91
2017-08-08,1.06,1.16,1.24,1.36,1.53,1.84,2.1,2.29,2.63,2.86
2017-08-22,1.0,1.13,1.24,1.33,1.48,1.8,2.04,2.22,2.55,2.79
2017-09-06,1.07,1.17,1.24,1.3,1.42,1.69,1.93,2.1,2.46,2.72
2017-09-20,1.04,1.2,1.32,1.45,1.6,1.89,2.12,2.28,2.59,2.82
2017-10-04,1.08,1.21,1.33,1.47,1.62,1.92,2.15,2.33,2.64,2.87
2017-10-19,1.1,1.25,1.41,1.58,1.69,1.98,2.18,2.33,2.6,2.83
2017-11-02,1.17,1.29,1.46,1.61,1.73,2.0,2.21,2.35,2.61,2.83
2017-11-16,1.27,1.42,1.59,1.72,1.83,2.07,2.25,2.37,2.62,2.81
2017-12-01,1.27,1.45,1.62,1.78,1.9,2.13,2.28,2.37,2.58,2.76
2017-12-15,1.31,1.48,1.71,1.84,1.95,2.16,2.28,2.35,2.52,2.68
2018-01-02,1.44,1.61,1.83,1.92,2.01,2.25,2.38,2.46,2.64,2.81
2018-01-17,1.44,1.63,1.79,2.05,2.15,2.39,2.51,2.57,2.71,2.84
2018-01-31,1.46,1.66,1.9,2.14,2.29,2.52,2.66,2.72,2.83,2.95
2018-02-14,1.58,1.81,1.98,2.17,2.4,2.65,2.84,2.91,3.07,3.18
2018-03-01,1.63,1.85,2.05,2.22,2.36,2.58,2.74,2.81,2.97,3.09
2018-03-15,1.77,1.95,2.07,2.29,2.42,2.62,2.76,2.82,2.94,3.05
2018-03-29,1.73,1.93,2.09,2.27,2.39,2.56,2.68,2.74,2.85,2.97
2018-04-13,1.76,1.97,2.12,2.37,2.51,2.67,2.77,2.82,2.91,3.03
2018-04-27,1.82,2.02,2.24,2.49,2.62,2.8,2.92,2.96,3.03,3.13
2018-05-11,1.92,2.06,2.28,2.54,2.69,2.84,2.94,2.97,3.03,3.1
2018-05-25,1.9,2.07,2.27,2.48,2.6,2.76,2.88,2.93,3.01,3.09
2018-06-11,1.94,2.11,2.32,2.52,2.66,2.8,2.91,2.96,3.02,3.1
2018-06-25,1.93,2.13,2.34,2.54,2.63,2.75,2.83,2.87,2.95,3.02
2018-07-10,1.99,2.15,2.36,2.59,2.69,2.77,2.83,2.87,2.91,2.97
2018-07-24,2.02,2.19,2.42,2.63,2.74,2.83,2.91,2.95,3.02,3.08
2018-08-07,2.06,2.23,2.45,2.68,2.76,2.84,2.92,2.98,3.06,3.12
2018-08-21,2.08,2.25,2.45,2.61,2.67,2.73,2.8,2.85,2.93,3.0
2018-09-05,2.14,2.3,2.49,2.66,2.72,2.77,2.85,2.9,3.0,3.08
2018-09-19,2.16,2.36,2.58,2.81,2.89,2.96,3.04,3.08,3.16,3.23
2018-10-03,2.23,2.41,2.62,2.85,2.94,3.02,3.1,3.15,3.24,3.3
2018-10-18,2.32,2.47,2.67,2.87,2.95,3.03,3.11,3.17,3.28,3.36
2018-11-01,2.32,2.49,2.67,2.84,2.91,2.96,3.06,3.14,3.29,3.38
2018-11-16,2.36,2.5,2.68,2.81,2.85,2.9,2.99,3.08,3.23,3.33
2018-12-03,2.38,2.56,2.72,2.83,2.84,2.83,2.9,2.98,3.15,3.27
2018-12-18,2.39,2.53,2.64,2.65,2.64,2.65,2.74,2.82,2.96,3.07
2019-01-02,2.42,2.51,2.6,2.5,2.47,2.49,2.56,2.66,2.83,2.97
2019-01-16,2.43,2.49,2.57,2.55,2.53,2.54,2.62,2.73,2.92,3.07
2019-01-31,2.41,2.46,2.55,2.45,2.43,2.43,2.51,2.63,2.83,2.99
2019-02-14,2.43,2.51,2.53,2.5,2.48,2.48,2.56,2.66,2.85,3.01
2019-03-01,2.44,2.52,2.55,2.55,2.54,2.56,2.67,2.76,2.97,3.13
2019-03-15,2.45,2.52,2.52,2.43,2.39,2.4,2.49,2.59,2.83,3.02
2019-03-29,2.4,2.44,2.4,2.27,2.21,2.23,2.31,2.41,2.63,2.81
2019-04-12,2.44,2.47,2.44,2.4,2.36,2.38,2.47,2.56,2.78,2.97
2019-04-29,2.44,2.47,2.42,2.3,2.27,2.32,2.42,2.54,2.78,2.96
2019-05-13,2.41,2.42,2.32,2.18,2.15,2.18,2.28,2.4,2.65,2.83
2019-05-28,2.37,2.38,2.31,2.12,2.06,2.06,2.16,2.26,2.52,2.7
2019-06-11,2.27,2.21,2.05,1.93,1.87,1.92,2.03,2.15,2.42,2.62
2019-06-25,2.12,2.1,1.93,1.71,1.67,1.73,1.86,2.0,2.31,2.53
2019-07-10,2.2,2.07,1.93,1.82,1.79,1.82,1.93,2.07,2.36,2.57
2019-07-24,2.1,2.08,1.98,1.83,1.79,1.82,1.93,2.05,2.36,2.58
2019-08-07,2.02,1.95,1.75,1.59,1.51,1.52,1.6,1.71,2.01,2.22
2019-08-21,1.97,1.9,1.77,1.56,1.5,1.47,1.54,1.59,1.87,2.07
2019-09-05,1.97,1.88,1.73,1.55,1.47,1.43,1.51,1.57,1.86,2.06
2019-09-19,1.93,1.92,1.88,1.74,1.68,1.66,1.73,1.79,2.04,2.22
2019-10-03,1.7,1.66,1.58,1.39,1.34,1.34,1.45,1.54,1.85,2.04
2019-10-18,1.66,1.63,1.58,1.58,1.56,1.56,1.66,1.76,2.06,2.25
2019-11-01,1.52,1.55,1.53,1.56,1.55,1.55,1.63,1.73,2.03,2.21
2019-11-18,1.57,1.58,1.54,1.6,1.59,1.63,1.73,1.81,2.14,2.3
2019-12-03,1.57,1.57,1.57,1.53,1.54,1.54,1.65,1.72,2.03,2.17
2019-12-17,1.56,1.58,1.53,1.63,1.66,1.71,1.82,1.89,2.18,2.31
2020-01-02,1.54,1.57,1.56,1.58,1.59,1.67,1.79,1.88,2.19,2.33
2020-01-16,1.55,1.56,1.54,1.58,1.58,1.63,1.73,1.81,2.11,2.26
2020-01-31,1.55,1.54,1.45,1.33,1.3,1.32,1.42,1.51,1.83,1.99
2020-02-14,1.58,1.56,1.49,1.42,1.4,1.42,1.51,1.59,1.89,2.04
2020-03-02,1.13,0.95,0.89,0.84,0.85,0.88,1.01,1.1,1.46,1.66
2020-03-16,0.24,0.29,0.29,0.36,0.43,0.49,0.67,0.73,1.1,1.34
2020-03-30,0.12,0.12,0.14,0.23,0.29,0.39,0.57,0.7,1.1,1.31
2020-04-14,0.2,0.24,0.25,0.23,0.29,0.42,0.61,0.76,1.19,1.41
2020-04-28,0.11,0.13,0.16,0.2,0.26,0.37,0.52,0.62,1.0,1.2
2020-05-12,0.13,0.16,0.16,0.17,0.22,0.34,0.53,0.69,1.11,1.38
2020-05-27,0.15,0.17,0.18,0.19,0.22,0.34,0.52,0.68,1.19,1.44
2020-06-10,0.17,0.19,0.18,0.17,0.22,0.33,0.56,0.75,1.31,1.53
2020-06-24,0.15,0.17,0.17,0.19,0.21,0.33,0.52,0.69,1.21,1.44
2020-07-09,0.13,0.16,0.15,0.16,0.18,0.28,0.46,0.62,1.09,1.32
2020-07-23,0.12,0.13,0.14,0.16,0.16,0.27,0.44,0.59,1.03,1.24
2020-08-06,0.1,0.11,0.14,0.11,0.13,0.21,0.39,0.55,0.98,1.2
2020-08-20,0.11,0.13,0.12,0.13,0.15,0.26,0.46,0.65,1.15,1.38
2020-09-03,0.11,0.12,0.12,0.13,0.15,0.24,0.43,0.63,1.13,1.34
2020-09-18,0.1,0.12,0.13,0.14,0.16,0.29,0.48,0.7,1.24,1.45
2020-10-02,0.09,0.11,0.12,0.13,0.16,0.28,0.48,0.7,1.25,1.48
2020-10-19,0.11,0.11,0.13,0.16,0.19,0.34,0.54,0.78,1.32,1.55
2020-11-02,0.09,0.11,0.13,0.16,0.2,0.38,0.63,0.87,1.41,1.63
2020-11-17,0.09,0.1,0.12,0.18,0.22,0.39,0.63,0.87,1.4,1.62
2020-12-02,0.09,0.1,0.11,0.16,0.22,0.42,0.69,0.95,1.5,1.7
2020-12-16,0.09,0.09,0.09,0.13,0.18,0.37,0.64,0.92,1.46,1.66
2020-12-31,0.09,0.09,0.1,0.13,0.17,0.36,0.65,0.93,1.45,1.65
2021-01-04,0.09,0.09,0.1,0.11,0.16,0.36,0.64,0.93,1.46,1.66
2021-01-19,0.09,0.11,0.1,0.14,0.21,0.45,0.78,1.1,1.65,1.84
2021-02-02,0.07,0.08,0.08,0.11,0.18,0.45,0.79,1.12,1.69,1.87
2021-02-17,0.04,0.06,0.07,0.11,0.21,0.57,0.94,1.29,1.92,2.06
2021-03-03,0.05,0.07,0.08,0.14,0.29,0.73,1.14,1.47,2.12,2.25
2021-03-17,0.02,0.05,0.07,0.13,0.29,0.8,1.27,1.63,2.32,2.42
2021-03-31,0.03,0.05,0.07,0.16,0.35,0.92,1.4,1.74,2.31,2.41
2021-04-14,0.02,0.04,0.06,0.16,0.35,0.87,1.31,1.64,2.22,2.32
2021-04-28,0.01,0.04,0.05,0.17,0.35,0.86,1.31,1.63,2.19,2.29
2021-05-12,0.02,0.04,0.05,0.16,0.35,0.87,1.34,1.69,2.29,2.4
2021-05-26,0.02,0.04,0.04,0.14,0.31,0.8,1.24,1.58,2.17,2.27
2021-06-10,0.03,0.04,0.05,0.14,0.3,0.73,1.14,1.45,2.07,2.15
2021-06-24,0.05,0.05,0.08,0.26,0.48,0.9,1.26,1.49,2.03,2.1
2021-07-09,0.06,0.05,0.08,0.23,0.41,0.79,1.12,1.37,1.91,1.99
2021-07-23,0.05,0.05,0.07,0.22,0.38,0.72,1.04,1.3,1.85,1.92
2021-08-06,0.06,0.06,0.09,0.21,0.42,0.77,1.07,1.31,1.85,1.94
2021-08-20,0.05,0.05,0.06,0.23,0.44,0.8,1.06,1.26,1.79,1.87
2021-09-03,0.05,0.05,0.08,0.21,0.42,0.78,1.09,1.33,1.87,1.94
2021-09-20,0.04,0.05,0.07,0.23,0.45,0.83,1.12,1.31,1.79,1.85
2021-10-04,0.04,0.06,0.09,0.27,0.52,0.95,1.27,1.49,1.99,2.05
2021-10-19,0.05,0.06,0.11,0.41,0.71,1.17,1.47,1.65,2.07,2.09
2021-11-02,0.05,0.07,0.15,0.46,0.73,1.15,1.42,1.56,1.97,1.96
2021-11-17,0.05,0.06,0.18,0.52,0.85,1.24,1.49,1.6,2.04,2.0
2021-12-02,0.05,0.09,0.27,0.63,0.9,1.21,1.38,1.44,1.87,1.76
2021-12-16,0.05,0.13,0.26,0.64,0.92,1.19,1.36,1.44,1.91,1.87
2021-12-31,0.06,0.19,0.39,0.73,0.97,1.26,1.44,1.52,1.94,1.9
2022-01-03,0.08,0.22,0.4,0.78,1.04,1.37,1.55,1.63,2.05,2.01
2022-01-18,0.16,0.37,0.58,1.06,1.35,1.65,1.82,1.87,2.24,2.18
2022-02-01,0.19,0.48,0.78,1.18,1.39,1.63,1.76,1.81,2.19,2.12
2022-02-15,0.4,0.72,1.11,1.58,1.8,1.94,2.03,2.05,2.42,2.37
2022-03-02,0.34,0.68,1.06,1.5,1.67,1.74,1.83,1.86,2.32,2.24
2022-03-16,0.44,0.86,1.35,1.95,2.14,2.18,2.22,2.19,2.56,2.46
2022-03-30,0.55,1.04,1.64,2.31,2.49,2.44,2.43,2.35,2.63,2.48
2022-04-13,0.75,1.2,1.78,2.37,2.57,2.66,2.71,2.7,2.97,2.81
2022-04-28,0.82,1.38,2.04,2.63,2.8,2.86,2.88,2.85,3.1,2.92
2022-05-12,0.96,1.44,1.96,2.56,2.73,2.81,2.86,2.84,3.22,3.0
2022-05-26,1.07,1.52,1.99,2.46,2.63,2.7,2.75,2.75,3.18,2.99
2022-06-10,1.39,1.98,2.58,3.06,3.21,3.25,3.24,3.15,3.45,3.2
2022-06-27,1.79,2.56,2.89,3.08,3.21,3.24,3.27,3.2,3.56,3.31
2022-07-12,2.22,2.78,3.07,3.03,3.07,3.01,3.01,2.96,3.37,3.13
2022-07-26,2.55,3.01,3.06,3.02,3.01,2.89,2.88,2.81,3.27,3.03
2022-08-09,2.67,3.16,3.33,3.28,3.2,2.97,2.89,2.8,3.24,3.01
2022-08-23,2.8,3.21,3.29,3.29,3.35,3.18,3.14,3.05,3.49,3.26
2022-09-07,3.07,3.42,3.6,3.45,3.5,3.37,3.35,3.27,3.67,3.42
2022-09-21,3.31,3.86,4.08,4.02,3.98,3.74,3.65,3.51,3.73,3.5
2022-10-05,3.46,4.0,4.14,4.15,4.17,3.96,3.87,3.76,4.05,3.78
2022-10-20,4.09,4.48,4.66,4.62,4.66,4.45,4.36,4.24,4.47,4.24
2022-11-03,4.25,4.57,4.78,4.71,4.63,4.36,4.26,4.14,4.42,4.18
2022-11-18,4.34,4.61,4.74,4.51,4.28,3.99,3.92,3.82,4.13,3.92
2022-12-05,4.36,4.73,4.77,4.41,4.13,3.8,3.72,3.6,3.84,3.62
2022-12-19,4.37,4.71,4.64,4.25,3.99,3.7,3.67,3.57,3.82,3.62
2023-01-03,4.53,4.77,4.72,4.4,4.18,3.94,3.89,3.79,4.06,3.88
2023-01-18,4.69,4.79,4.63,4.06,3.72,3.43,3.4,3.37,3.65,3.54
2023-02-01,4.66,4.79,4.66,4.09,3.75,3.48,3.43,3.39,3.67,3.55
2023-02-15,4.79,4.97,4.96,4.62,4.35,4.04,3.94,3.81,3.97,3.85
2023-03-02,4.91,5.18,5.04,4.89,4.63,4.32,4.24,4.08,4.24,4.03
2023-03-16,4.74,4.94,4.49,4.14,3.99,3.72,3.67,3.56,3.87,3.71
2023-03-30,4.97,4.92,4.63,4.1,3.87,3.66,3.61,3.55,3.88,3.74
2023-04-13,5.1,4.95,4.66,3.96,3.7,3.51,3.48,3.45,3.8,3.69
2023-04-27,5.18,5.05,4.78,4.07,3.82,3.6,3.57,3.53,3.88,3.76
2023-05-11,5.2,5.14,4.7,3.89,3.56,3.36,3.37,3.39,3.82,3.73
2023-05-25,5.38,5.46,5.24,4.5,4.21,3.9,3.86,3.83,4.16,4.01
2023-06-09,5.37,5.39,5.17,4.59,4.23,3.92,3.84,3.75,4.05,3.89
2023-06-26,5.5,5.45,5.27,4.65,4.3,3.96,3.85,3.72,4.01,3.83
2023-07-11,5.49,5.55,5.44,4.88,4.52,4.24,4.13,3.99,4.22,4.03
2023-07-25,5.51,5.57,5.38,4.85,4.53,4.15,4.05,3.91,4.14,3.95
2023-08-08,5.57,5.53,5.35,4.74,4.36,4.1,4.06,4.02,4.35,4.2
2023-08-22,5.57,5.57,5.39,5.02,4.75,4.49,4.44,4.34,4.61,4.42
2023-09-06,5.55,5.52,5.44,5.01,4.73,4.44,4.39,4.3,4.56,4.37
2023-09-20,5.56,5.51,5.47,5.12,4.82,4.52,4.46,4.35,4.57,4.4
2023-10-04,5.61,5.57,5.42,5.05,4.85,4.72,4.75,4.73,5.05,4.87
2023-10-19,5.6,5.56,5.44,5.14,5.01,4.95,5.0,4.98,5.3,5.11
2023-11-02,5.54,5.5,5.38,4.98,4.78,4.65,4.68,4.67,4.99,4.82
2023-11-16,5.51,5.38,5.23,4.83,4.59,4.43,4.47,4.45,4.82,4.63
2023-12-01,5.43,5.33,5.05,4.56,4.31,4.14,4.22,4.22,4.58,4.4
2023-12-15,5.44,5.33,4.95,4.44,4.13,3.91,3.94,3.91,4.19,4.0
